[
    {"nama": "Andi", "noCreditCard": "4253625879615781"},
    {"nama": "Budi", "noCreditCard": "5123-4567-8912-3455"},
    {"nama": "Caca", "noCreditCard": "0525362587961578"},
    {"nama": "Deni", "noCreditCard": "42536258796157867"},
    {"nama": "Euis", "noCreditCard": "4424424424442442"},
    {"nama": "Fani", "noCreditCard": "44244z4424442444"},
    {"nama": "Gaga", "noCreditCard": "5122.2368.7954.3214"},
    {"nama": "Hari", "noCreditCard": "4424444424442444"},
    {"nama": "Inne", "noCreditCard": "5122-2368-7954-3213"},
    {"nama": "Janu", "noCreditCard": "61234-123-8912-3456"},
    {"nama": "Kiki", "noCreditCard": "5199-9967-7912-3457"},
    {"nama": "Luis", "noCreditCard": "1111222233334444"},
    {"nama": "Mira", "noCreditCard": "5123 - 4567 - 8912 - 3456"},
    {"nama": "Nuri", "noCreditCard": "4123356789123456"},
    {"nama": "Opik", "noCreditCard": "4123456789123454"}
]